temperature,humidity,ac_on,lights_on,tv_on,power_watts,recorded_at
28.49,71.19,1,1,1,1278.28,2026-01-01 00:00:00
26.59,67.4,0,1,1,152.64,2026-01-01 01:00:00
28.94,60.48,0,1,1,132.76,2026-01-01 02:00:00
31.57,54.82,0,0,0,21.57,2026-01-01 03:00:00
26.3,65.59,1,1,0,1246.12,2026-01-01 04:00:00
26.3,63.15,1,1,1,1401.66,2026-01-01 05:00:00
31.74,67.16,0,0,0,26.41,2026-01-01 06:00:00
29.3,65.08,1,1,0,1314.71,2026-01-01 07:00:00
25.59,68.4,1,0,1,1322.04,2026-01-01 08:00:00
28.63,55.72,0,1,1,120.6,2026-01-01 09:00:00
25.61,70.54,0,0,1,106.68,2026-01-01 10:00:00
25.6,61.58,1,1,1,1200.81,2026-01-01 11:00:00
27.73,76.6,1,1,1,1251.11,2026-01-01 12:00:00
21.26,54.49,1,1,0,1137.76,2026-01-01 13:00:00
21.83,73.89,0,0,1,135.11,2026-01-01 14:00:00
25.31,61.58,0,1,0,39.45,2026-01-01 15:00:00
23.96,54.79,1,1,0,1275.2,2026-01-01 16:00:00
27.94,56.13,0,1,1,121.87,2026-01-01 17:00:00
24.28,57.44,0,1,0,32.52,2026-01-01 18:00:00
22.76,63.39,0,1,0,31.26,2026-01-01 19:00:00
31.4,64.18,1,1,0,1213.92,2026-01-01 20:00:00
26.32,55.41,1,1,1,1445.08,2026-01-01 21:00:00
27.2,59.81,1,1,0,1215.54,2026-01-01 22:00:00
22.73,77.14,1,1,1,1303.9,2026-01-01 23:00:00
25.37,73.82,0,1,0,22.21,2026-01-02 00:00:00
27.33,63.49,1,1,1,1430.48,2026-01-02 01:00:00
23.55,60.3,0,1,1,142.8,2026-01-02 02:00:00
28.13,60.96,1,1,0,1225.33,2026-01-02 03:00:00
25.2,64.91,1,0,0,1113.02,2026-01-02 04:00:00
26.12,51.82,1,1,0,985.95,2026-01-02 05:00:00
25.19,57.94,0,1,1,147.49,2026-01-02 06:00:00
32.56,46.65,1,1,1,1375.16,2026-01-02 07:00:00
26.96,63.19,0,1,1,115.88,2026-01-02 08:00:00
23.83,65.18,1,1,0,1028.53,2026-01-02 09:00:00
29.47,56.13,1,1,1,1303.05,2026-01-02 10:00:00
23.34,72.59,1,1,1,1103.13,2026-01-02 11:00:00
27.63,50.19,1,1,1,1449.84,2026-01-02 12:00:00
21.12,48.29,1,1,1,1208.63,2026-01-02 13:00:00
23.02,61.8,0,1,0,28.18,2026-01-02 14:00:00
27.59,68.38,1,1,0,1331.55,2026-01-02 15:00:00
29.22,73.47,0,0,1,102.77,2026-01-02 16:00:00
27.51,56.33,1,0,1,1217.07,2026-01-02 17:00:00
26.65,68.63,1,1,0,1267.33,2026-01-02 18:00:00
26.1,59.69,1,0,0,1129.71,2026-01-02 19:00:00
22.56,58.62,1,1,0,1241.72,2026-01-02 20:00:00
24.84,67.07,1,1,0,1172.38,2026-01-02 21:00:00
25.62,65.22,0,1,0,30.83,2026-01-02 22:00:00
30.17,47.39,1,1,1,1061.33,2026-01-02 23:00:00
28.03,71.81,0,0,1,100.08,2026-01-03 00:00:00
21.71,71.04,1,1,0,1170.53,2026-01-03 01:00:00
27.97,55.0,0,1,0,31.12,2026-01-03 02:00:00
25.84,63.17,0,1,0,32.24,2026-01-03 03:00:00
24.97,63.95,1,0,0,1333.48,2026-01-03 04:00:00
28.84,62.09,0,1,1,129.86,2026-01-03 05:00:00
30.09,55.6,1,0,1,1285.95,2026-01-03 06:00:00
29.79,54.63,0,0,0,23.15,2026-01-03 07:00:00
24.48,59.8,0,0,1,100.33,2026-01-03 08:00:00
26.07,69.38,1,0,1,1354.35,2026-01-03 09:00:00
27.99,64.35,0,1,1,110.0,2026-01-03 10:00:00
29.93,57.04,0,0,0,23.94,2026-01-03 11:00:00
25.56,66.17,1,1,1,1142.7,2026-01-03 12:00:00
26.44,37.21,0,1,0,39.07,2026-01-03 13:00:00
23.68,69.19,1,1,0,1145.36,2026-01-03 14:00:00
23.41,46.08,0,0,0,17.58,2026-01-03 15:00:00
29.44,57.1,0,1,0,38.83,2026-01-03 16:00:00
31.07,51.04,1,1,0,1377.58,2026-01-03 17:00:00
26.78,49.64,0,1,0,28.83,2026-01-03 18:00:00
30.01,69.29,0,0,0,22.38,2026-01-03 19:00:00
28.08,56.26,0,1,1,113.62,2026-01-03 20:00:00
25.06,62.77,0,1,1,125.61,2026-01-03 21:00:00
28.08,59.62,1,1,0,1355.44,2026-01-03 22:00:00
31.61,63.82,0,0,1,99.69,2026-01-03 23:00:00
26.89,60.61,1,1,1,1192.75,2026-01-04 00:00:00
31.69,49.74,1,0,1,1205.42,2026-01-04 01:00:00
19.14,67.97,1,0,0,1061.76,2026-01-04 02:00:00
29.47,56.05,1,1,1,1392.92,2026-01-04 03:00:00
27.26,47.55,0,0,1,111.26,2026-01-04 04:00:00
26.1,56.58,1,0,1,1485.73,2026-01-04 05:00:00
27.28,72.01,0,0,0,14.1,2026-01-04 06:00:00
21.04,66.8,1,1,0,1341.03,2026-01-04 07:00:00
26.34,57.21,1,1,1,1262.5,2026-01-04 08:00:00
28.07,57.21,0,1,0,27.65,2026-01-04 09:00:00
31.43,57.43,1,1,0,1315.98,2026-01-04 10:00:00
25.45,76.61,1,0,0,1259.93,2026-01-04 11:00:00
24.57,63.06,0,1,1,137.2,2026-01-04 12:00:00
25.49,63.44,0,1,1,125.4,2026-01-04 13:00:00
29.75,68.24,1,0,0,1257.06,2026-01-04 14:00:00
27.99,61.91,1,1,1,1454.9,2026-01-04 15:00:00
25.41,57.93,1,1,0,1354.57,2026-01-04 16:00:00
28.54,58.43,1,0,1,1345.08,2026-01-04 17:00:00
27.29,59.43,1,0,1,1376.66,2026-01-04 18:00:00
29.91,59.7,1,0,1,1389.3,2026-01-04 19:00:00
24.89,65.82,0,0,1,124.33,2026-01-04 20:00:00
26.02,60.42,0,1,0,32.94,2026-01-04 21:00:00
25.82,65.86,1,1,1,1197.52,2026-01-04 22:00:00
22.61,59.35,1,1,0,1337.82,2026-01-04 23:00:00
27.89,60.63,0,1,1,145.19,2026-01-05 00:00:00
27.78,44.01,0,0,1,91.06,2026-01-05 01:00:00
27.02,67.33,1,1,1,1231.57,2026-01-05 02:00:00
26.3,62.77,1,1,0,1285.85,2026-01-05 03:00:00
22.75,67.98,1,1,1,1332.7,2026-01-05 04:00:00
25.74,36.83,1,1,0,1070.88,2026-01-05 05:00:00
25.97,76.71,0,1,0,38.41,2026-01-05 06:00:00
24.59,58.88,0,1,1,114.06,2026-01-05 07:00:00
26.52,68.87,0,1,0,31.83,2026-01-05 08:00:00
28.21,51.68,0,0,1,143.86,2026-01-05 09:00:00
32.66,64.9,1,0,0,1258.22,2026-01-05 10:00:00
27.52,51.57,1,0,0,1120.37,2026-01-05 11:00:00
27.77,55.01,1,1,1,1283.67,2026-01-05 12:00:00
26.78,75.31,1,1,0,1190.31,2026-01-05 13:00:00
21.24,58.47,0,1,0,27.57,2026-01-05 14:00:00
26.92,61.74,1,1,1,1500.41,2026-01-05 15:00:00
27.18,66.96,1,1,0,1148.65,2026-01-05 16:00:00
34.39,63.97,1,1,1,1466.73,2026-01-05 17:00:00
26.42,61.2,0,0,0,6.13,2026-01-05 18:00:00
27.9,62.92,1,0,1,1194.31,2026-01-05 19:00:00
26.9,79.23,1,1,1,1264.57,2026-01-05 20:00:00
23.49,59.54,0,1,1,115.52,2026-01-05 21:00:00
30.43,61.61,0,1,0,36.1,2026-01-05 22:00:00
29.26,68.41,1,0,1,1341.25,2026-01-05 23:00:00
29.37,68.84,1,0,1,1311.24,2026-01-06 00:00:00
24.27,69.5,0,1,1,118.6,2026-01-06 01:00:00
31.21,65.11,1,0,0,1290.07,2026-01-06 02:00:00
22.79,50.86,0,0,1,123.49,2026-01-06 03:00:00
28.76,73.07,1,1,1,1374.97,2026-01-06 04:00:00
33.57,50.83,0,0,0,17.51,2026-01-06 05:00:00
24.03,62.42,1,1,0,1122.3,2026-01-06 06:00:00
25.3,53.97,0,0,1,145.26,2026-01-06 07:00:00
27.3,59.49,0,0,0,21.09,2026-01-06 08:00:00
25.49,62.63,0,1,1,125.6,2026-01-06 09:00:00
22.35,62.57,0,1,1,130.69,2026-01-06 10:00:00
27.21,63.38,1,1,1,1229.47,2026-01-06 11:00:00
23.81,72.91,0,1,0,41.92,2026-01-06 12:00:00
28.42,63.63,1,0,0,1253.17,2026-01-06 13:00:00
24.24,58.05,0,1,1,77.08,2026-01-06 14:00:00
31.65,67.71,0,0,0,23.35,2026-01-06 15:00:00
24.65,69.52,0,1,1,130.21,2026-01-06 16:00:00
26.03,50.18,0,1,0,22.75,2026-01-06 17:00:00
29.44,64.78,0,1,0,34.39,2026-01-06 18:00:00
23.31,65.61,1,1,0,1440.53,2026-01-06 19:00:00
27.68,57.62,1,0,0,1337.65,2026-01-06 20:00:00
30.92,71.01,1,0,1,1434.72,2026-01-06 21:00:00
22.18,58.8,1,1,0,1100.53,2026-01-06 22:00:00
27.55,61.0,1,1,0,1306.4,2026-01-06 23:00:00
27.78,58.62,0,1,0,24.22,2026-01-07 00:00:00
29.35,60.12,1,0,0,1154.65,2026-01-07 01:00:00
23.29,51.23,1,1,0,1257.69,2026-01-07 02:00:00
23.04,48.48,1,0,1,1424.51,2026-01-07 03:00:00
28.57,72.76,1,1,0,1285.15,2026-01-07 04:00:00
27.89,53.22,0,1,0,30.22,2026-01-07 05:00:00
27.75,52.07,1,1,0,1303.28,2026-01-07 06:00:00
28.04,42.77,1,0,1,1263.17,2026-01-07 07:00:00
24.96,54.89,1,1,0,1249.4,2026-01-07 08:00:00
27.7,49.42,1,1,0,1190.36,2026-01-07 09:00:00
27.88,73.14,0,1,1,118.11,2026-01-07 10:00:00
24.86,68.08,0,1,0,32.35,2026-01-07 11:00:00
32.6,54.49,1,1,0,1134.41,2026-01-07 12:00:00
28.42,78.02,1,1,0,1429.66,2026-01-07 13:00:00
23.43,67.85,0,1,1,112.16,2026-01-07 14:00:00
28.97,57.4,0,0,0,26.75,2026-01-07 15:00:00
24.08,40.0,0,0,1,126.53,2026-01-07 16:00:00
29.36,78.33,0,1,1,125.47,2026-01-07 17:00:00
30.48,48.88,1,0,0,1210.01,2026-01-07 18:00:00
24.54,46.84,1,1,0,1222.29,2026-01-07 19:00:00
29.89,68.18,0,1,0,34.72,2026-01-07 20:00:00
28.24,79.52,0,1,1,151.78,2026-01-07 21:00:00
29.47,71.07,0,1,0,31.77,2026-01-07 22:00:00
32.69,64.51,0,1,0,42.4,2026-01-07 23:00:00
26.26,64.76,1,1,0,1311.31,2026-01-08 00:00:00
24.74,66.83,1,0,1,1206.4,2026-01-08 01:00:00
24.33,66.07,1,1,0,1228.21,2026-01-08 02:00:00
24.55,62.25,0,0,1,100.28,2026-01-08 03:00:00
26.77,60.83,1,1,0,1138.16,2026-01-08 04:00:00
28.02,59.5,1,1,0,1270.04,2026-01-08 05:00:00
27.83,53.97,1,1,0,1173.84,2026-01-08 06:00:00
29.48,57.75,1,0,0,1284.47,2026-01-08 07:00:00
27.04,46.46,0,1,0,22.25,2026-01-08 08:00:00
31.36,59.21,0,1,0,26.3,2026-01-08 09:00:00
26.21,52.09,0,0,1,121.96,2026-01-08 10:00:00
35.16,51.17,0,0,1,146.44,2026-01-08 11:00:00
28.88,61.44,0,0,1,121.49,2026-01-08 12:00:00
24.43,71.14,1,1,0,1167.71,2026-01-08 13:00:00
23.79,67.35,1,0,0,1303.45,2026-01-08 14:00:00
28.45,47.44,1,1,0,1104.34,2026-01-08 15:00:00
26.33,52.08,0,1,1,141.7,2026-01-08 16:00:00
29.14,67.53,1,1,1,1347.83,2026-01-08 17:00:00
28.42,52.14,1,0,0,1154.93,2026-01-08 18:00:00
26.78,58.2,1,1,0,1201.16,2026-01-08 19:00:00
24.46,64.4,1,1,0,1309.0,2026-01-08 20:00:00
22.46,52.25,1,1,0,1180.22,2026-01-08 21:00:00
25.66,60.84,1,1,0,1151.43,2026-01-08 22:00:00
29.57,49.33,0,1,1,138.43,2026-01-08 23:00:00
27.64,55.19,0,1,1,110.77,2026-01-09 00:00:00
23.26,62.56,0,1,0,32.23,2026-01-09 01:00:00
27.52,47.26,0,1,0,26.49,2026-01-09 02:00:00
28.16,63.52,0,0,1,85.96,2026-01-09 03:00:00
24.35,59.84,1,0,0,1246.89,2026-01-09 04:00:00
27.46,64.42,1,0,0,1124.88,2026-01-09 05:00:00
27.17,61.79,1,1,0,1234.55,2026-01-09 06:00:00
23.57,70.91,0,1,0,39.6,2026-01-09 07:00:00
28.07,61.0,1,1,0,1218.82,2026-01-09 08:00:00
28.68,56.56,1,1,1,1447.3,2026-01-09 09:00:00
30.25,60.98,0,1,0,25.52,2026-01-09 10:00:00
30.16,64.35,1,1,0,1322.5,2026-01-09 11:00:00
22.87,60.39,0,1,1,123.15,2026-01-09 12:00:00
24.19,60.32,0,1,0,35.93,2026-01-09 13:00:00
28.55,54.38,1,0,1,1251.17,2026-01-09 14:00:00
28.54,54.7,0,0,1,105.37,2026-01-09 15:00:00
28.55,48.78,1,0,0,1270.8,2026-01-09 16:00:00
38.56,74.0,1,1,1,1105.76,2026-01-09 17:00:00
28.71,50.05,1,1,0,1240.67,2026-01-09 18:00:00
30.41,54.46,0,1,1,145.13,2026-01-09 19:00:00
29.86,54.25,0,0,0,12.14,2026-01-09 20:00:00
28.95,67.16,0,1,1,117.07,2026-01-09 21:00:00
26.05,57.64,1,1,1,1352.9,2026-01-09 22:00:00
29.28,69.98,1,0,0,1352.29,2026-01-09 23:00:00
24.68,54.61,0,1,0,30.98,2026-01-10 00:00:00
26.29,62.23,1,0,1,1412.08,2026-01-10 01:00:00
25.54,53.32,1,1,1,1511.19,2026-01-10 02:00:00
27.25,77.16,0,1,0,29.7,2026-01-10 03:00:00
33.94,50.5,1,0,1,1211.42,2026-01-10 04:00:00
21.4,62.48,1,0,0,1190.98,2026-01-10 05:00:00
29.06,65.07,0,1,0,24.97,2026-01-10 06:00:00
22.16,63.31,0,1,0,28.06,2026-01-10 07:00:00
25.58,58.52,1,1,0,1300.56,2026-01-10 08:00:00
30.27,58.96,1,1,1,1250.99,2026-01-10 09:00:00
27.19,60.35,1,1,0,1241.28,2026-01-10 10:00:00
23.77,58.82,1,1,1,1129.54,2026-01-10 11:00:00
24.85,67.71,0,1,0,30.04,2026-01-10 12:00:00
29.04,77.68,0,1,0,30.23,2026-01-10 13:00:00
24.81,55.54,1,1,0,1244.09,2026-01-10 14:00:00
27.65,49.04,0,1,0,21.49,2026-01-10 15:00:00
27.14,59.29,0,1,0,32.48,2026-01-10 16:00:00
25.05,80.64,1,1,0,955.07,2026-01-10 17:00:00
33.43,53.57,1,0,0,1211.77,2026-01-10 18:00:00
28.9,73.11,1,1,0,1223.08,2026-01-10 19:00:00
20.92,73.42,1,1,0,1181.98,2026-01-10 20:00:00
27.56,55.57,0,0,0,17.48,2026-01-10 21:00:00
25.01,64.55,1,1,1,1242.85,2026-01-10 22:00:00
29.56,73.03,0,1,1,128.71,2026-01-10 23:00:00
24.62,56.97,1,0,0,1269.23,2026-01-11 00:00:00
26.66,58.37,1,1,0,1362.18,2026-01-11 01:00:00
28.51,55.35,1,0,0,1158.79,2026-01-11 02:00:00
29.6,51.88,1,0,1,1270.99,2026-01-11 03:00:00
23.4,54.81,1,1,0,1331.95,2026-01-11 04:00:00
26.0,50.21,0,1,0,34.71,2026-01-11 05:00:00
25.58,60.27,1,0,0,1070.87,2026-01-11 06:00:00
25.04,53.84,1,1,0,1175.53,2026-01-11 07:00:00
32.3,61.87,0,1,0,37.13,2026-01-11 08:00:00
28.21,47.55,1,0,1,1395.86,2026-01-11 09:00:00
23.22,62.65,1,0,0,1161.34,2026-01-11 10:00:00
29.75,66.67,0,1,1,125.42,2026-01-11 11:00:00
33.37,44.05,1,0,0,1266.83,2026-01-11 12:00:00
30.1,62.99,1,1,0,1106.14,2026-01-11 13:00:00
22.44,69.82,1,1,1,1130.81,2026-01-11 14:00:00
25.55,50.32,1,1,0,940.09,2026-01-11 15:00:00
30.8,73.38,1,0,1,1374.57,2026-01-11 16:00:00
24.88,63.35,1,1,0,1244.19,2026-01-11 17:00:00
28.33,54.36,1,1,0,1201.56,2026-01-11 18:00:00
29.32,59.55,0,1,1,124.72,2026-01-11 19:00:00
24.22,64.47,1,0,0,1288.46,2026-01-11 20:00:00
26.82,60.61,1,0,1,1505.84,2026-01-11 21:00:00
17.28,64.31,0,1,0,21.42,2026-01-11 22:00:00
23.93,52.63,1,1,1,1327.85,2026-01-11 23:00:00
26.24,61.35,1,0,0,1053.34,2026-01-12 00:00:00
23.26,48.69,0,1,0,28.58,2026-01-12 01:00:00
31.9,59.11,1,0,1,1304.52,2026-01-12 02:00:00
22.71,52.77,1,1,1,1387.74,2026-01-12 03:00:00
25.68,54.12,1,1,1,1324.74,2026-01-12 04:00:00
27.39,69.89,0,1,1,141.74,2026-01-12 05:00:00
31.32,68.73,0,1,1,127.49,2026-01-12 06:00:00
22.69,64.87,0,1,0,28.72,2026-01-12 07:00:00
30.49,51.26,1,1,0,1210.09,2026-01-12 08:00:00
27.03,57.47,0,1,0,21.23,2026-01-12 09:00:00
24.06,69.7,1,1,0,1263.16,2026-01-12 10:00:00
28.39,61.13,0,1,0,26.46,2026-01-12 11:00:00
27.6,78.55,0,0,0,26.86,2026-01-12 12:00:00
25.2,63.15,1,0,0,1192.39,2026-01-12 13:00:00
27.21,61.54,1,1,1,1285.06,2026-01-12 14:00:00
25.84,57.53,0,1,0,32.36,2026-01-12 15:00:00
27.34,61.07,1,1,0,1307.33,2026-01-12 16:00:00
28.99,58.78,0,0,0,23.21,2026-01-12 17:00:00
31.76,65.66,1,1,1,1245.27,2026-01-12 18:00:00
23.29,67.65,1,1,1,1494.32,2026-01-12 19:00:00
33.4,53.71,0,1,1,134.31,2026-01-12 20:00:00
21.14,49.35,0,1,0,34.46,2026-01-12 21:00:00
26.54,45.31,0,1,0,40.74,2026-01-12 22:00:00
28.76,64.06,1,1,0,1058.88,2026-01-12 23:00:00
27.84,51.17,1,1,0,1280.42,2026-01-13 00:00:00
25.13,42.78,0,0,0,18.55,2026-01-13 01:00:00
26.38,63.11,1,1,0,1307.45,2026-01-13 02:00:00
25.52,79.94,0,1,0,28.33,2026-01-13 03:00:00
25.23,59.95,0,1,1,131.74,2026-01-13 04:00:00
29.55,66.71,1,0,1,1399.12,2026-01-13 05:00:00
28.07,60.65,1,1,0,1315.36,2026-01-13 06:00:00
24.92,59.21,1,1,0,1251.76,2026-01-13 07:00:00
29.7,67.35,1,0,0,1199.53,2026-01-13 08:00:00
27.92,57.68,0,1,0,27.29,2026-01-13 09:00:00
29.44,62.14,1,1,1,1486.74,2026-01-13 10:00:00
28.89,62.57,0,1,0,39.81,2026-01-13 11:00:00
24.51,54.66,1,1,1,1232.38,2026-01-13 12:00:00
25.32,67.94,0,0,0,24.51,2026-01-13 13:00:00
29.24,58.6,1,1,1,1244.66,2026-01-13 14:00:00
28.83,53.95,0,0,0,22.72,2026-01-13 15:00:00
26.94,64.29,0,1,1,101.96,2026-01-13 16:00:00
27.35,52.81,1,1,0,1182.39,2026-01-13 17:00:00
30.83,60.23,0,1,1,141.28,2026-01-13 18:00:00
25.23,59.93,1,0,0,1241.32,2026-01-13 19:00:00
28.64,68.69,0,1,0,40.13,2026-01-13 20:00:00
26.39,63.8,0,1,1,136.1,2026-01-13 21:00:00
26.35,59.8,0,1,1,146.32,2026-01-13 22:00:00
30.3,66.54,0,1,1,124.13,2026-01-13 23:00:00
29.48,71.12,1,1,1,1402.33,2026-01-14 00:00:00
29.44,64.46,0,1,1,140.38,2026-01-14 01:00:00
30.92,60.08,1,1,0,1246.65,2026-01-14 02:00:00
27.06,49.51,1,0,0,1177.34,2026-01-14 03:00:00
29.05,51.48,1,0,0,1125.17,2026-01-14 04:00:00
26.07,57.56,1,1,1,1179.28,2026-01-14 05:00:00
27.97,55.12,1,1,0,1295.46,2026-01-14 06:00:00
26.61,58.5,1,1,0,1293.56,2026-01-14 07:00:00
27.29,60.45,0,1,0,27.5,2026-01-14 08:00:00
28.79,64.24,0,0,1,101.06,2026-01-14 09:00:00
24.55,59.44,1,1,0,1382.52,2026-01-14 10:00:00
33.28,63.89,1,0,0,1171.35,2026-01-14 11:00:00
23.98,60.52,1,0,0,1311.89,2026-01-14 12:00:00
23.36,44.2,1,1,0,1227.54,2026-01-14 13:00:00
30.47,52.49,1,0,0,1160.83,2026-01-14 14:00:00
29.37,58.85,1,1,1,1403.95,2026-01-14 15:00:00
28.87,50.32,1,0,1,1381.24,2026-01-14 16:00:00
28.89,64.8,0,1,1,138.73,2026-01-14 17:00:00
26.96,72.25,1,1,0,1247.41,2026-01-14 18:00:00
24.31,69.75,0,0,1,130.25,2026-01-14 19:00:00
27.23,58.29,0,1,0,29.33,2026-01-14 20:00:00
24.97,71.93,1,1,0,1355.79,2026-01-14 21:00:00
29.93,61.19,0,1,1,157.78,2026-01-14 22:00:00
26.56,57.3,0,0,0,13.82,2026-01-14 23:00:00
24.52,55.09,0,1,0,30.27,2026-01-15 00:00:00
26.04,57.58,1,1,1,1410.73,2026-01-15 01:00:00
28.24,56.89,1,1,0,1233.91,2026-01-15 02:00:00
25.31,61.36,1,1,1,1263.11,2026-01-15 03:00:00
24.53,61.28,1,1,0,1231.2,2026-01-15 04:00:00
27.73,60.02,1,1,1,1023.33,2026-01-15 05:00:00
27.73,63.5,0,1,0,21.16,2026-01-15 06:00:00
25.48,69.53,1,1,0,1174.61,2026-01-15 07:00:00
25.59,67.6,1,1,1,1477.73,2026-01-15 08:00:00
27.7,48.12,1,1,0,1234.66,2026-01-15 09:00:00
22.66,39.57,0,1,0,39.42,2026-01-15 10:00:00
22.78,67.47,1,1,0,1228.32,2026-01-15 11:00:00
24.84,49.06,1,0,0,1113.37,2026-01-15 12:00:00
26.36,58.2,0,1,0,31.63,2026-01-15 13:00:00
27.93,50.64,1,1,0,1260.54,2026-01-15 14:00:00
31.43,45.58,0,1,1,130.72,2026-01-15 15:00:00
29.57,64.33,0,1,0,46.71,2026-01-15 16:00:00
26.52,66.07,1,1,0,1240.82,2026-01-15 17:00:00
26.94,55.39,0,1,0,31.79,2026-01-15 18:00:00
23.99,39.27,1,0,0,1293.23,2026-01-15 19:00:00
26.94,55.63,1,1,1,1362.45,2026-01-15 20:00:00
26.13,63.13,0,1,0,29.31,2026-01-15 21:00:00
27.97,48.17,1,1,1,1305.53,2026-01-15 22:00:00
24.52,61.47,0,1,0,32.07,2026-01-15 23:00:00
28.56,59.88,0,1,1,115.37,2026-01-16 00:00:00
31.6,64.63,0,1,0,28.68,2026-01-16 01:00:00
26.67,60.96,0,0,1,112.78,2026-01-16 02:00:00
28.21,52.22,0,0,0,21.47,2026-01-16 03:00:00
29.07,69.57,1,0,0,1136.82,2026-01-16 04:00:00
25.8,58.73,1,1,0,1246.79,2026-01-16 05:00:00
27.67,59.78,0,1,0,32.02,2026-01-16 06:00:00
27.04,52.53,1,1,1,1294.0,2026-01-16 07:00:00
27.29,56.45,1,1,0,1215.24,2026-01-16 08:00:00
24.68,52.92,1,1,0,1184.98,2026-01-16 09:00:00
27.07,58.62,1,1,1,1249.28,2026-01-16 10:00:00
28.49,73.69,0,1,0,30.54,2026-01-16 11:00:00
31.35,49.02,0,1,1,133.55,2026-01-16 12:00:00
29.88,47.09,1,1,1,1478.4,2026-01-16 13:00:00
33.46,71.77,1,1,0,1157.38,2026-01-16 14:00:00
24.7,58.33,0,0,1,115.88,2026-01-16 15:00:00
29.62,54.65,0,1,0,38.63,2026-01-16 16:00:00
27.55,68.32,1,0,0,1290.45,2026-01-16 17:00:00
33.57,55.16,1,1,0,1292.1,2026-01-16 18:00:00
24.58,74.61,1,1,0,1270.65,2026-01-16 19:00:00
24.48,65.42,1,1,1,1208.25,2026-01-16 20:00:00
25.2,56.1,0,0,1,126.05,2026-01-16 21:00:00
20.63,77.26,1,1,0,1127.94,2026-01-16 22:00:00
25.42,55.15,1,0,0,1186.1,2026-01-16 23:00:00
24.72,65.94,0,1,1,160.64,2026-01-17 00:00:00
27.45,62.39,1,0,0,1305.5,2026-01-17 01:00:00
28.03,70.41,1,1,0,1241.75,2026-01-17 02:00:00
32.63,72.49,0,1,0,30.65,2026-01-17 03:00:00
29.85,60.26,1,1,1,1363.24,2026-01-17 04:00:00
25.27,53.97,1,0,0,1224.16,2026-01-17 05:00:00
24.3,63.68,1,0,1,1075.59,2026-01-17 06:00:00
28.48,54.58,0,1,1,144.74,2026-01-17 07:00:00
23.04,76.11,0,1,0,38.1,2026-01-17 08:00:00
32.49,61.09,1,1,0,1346.44,2026-01-17 09:00:00
30.54,57.08,0,0,1,131.22,2026-01-17 10:00:00
25.59,61.48,1,1,0,911.03,2026-01-17 11:00:00
21.86,49.22,1,0,1,1364.01,2026-01-17 12:00:00
31.06,52.23,0,0,1,125.21,2026-01-17 13:00:00
26.66,69.6,1,1,1,1165.26,2026-01-17 14:00:00
30.71,54.74,1,1,1,1247.4,2026-01-17 15:00:00
22.22,51.62,0,0,1,131.23,2026-01-17 16:00:00
25.2,64.29,1,0,1,1283.42,2026-01-17 17:00:00
27.02,69.49,1,0,0,1293.63,2026-01-17 18:00:00
27.14,65.75,1,1,0,1167.63,2026-01-17 19:00:00
25.65,67.97,1,1,0,1019.19,2026-01-17 20:00:00
28.87,53.95,1,0,1,1318.92,2026-01-17 21:00:00
23.8,48.63,1,0,0,1194.01,2026-01-17 22:00:00
26.57,72.01,1,1,1,1276.22,2026-01-17 23:00:00
27.36,57.42,1,1,0,1216.51,2026-01-18 00:00:00
28.54,57.99,1,1,1,1347.35,2026-01-18 01:00:00
29.13,70.63,0,0,0,20.37,2026-01-18 02:00:00
23.63,64.45,1,0,1,1220.56,2026-01-18 03:00:00
22.4,63.65,0,1,0,31.49,2026-01-18 04:00:00
30.83,77.32,0,1,0,29.88,2026-01-18 05:00:00
28.0,54.85,0,0,0,20.72,2026-01-18 06:00:00
24.75,67.42,1,1,1,1413.91,2026-01-18 07:00:00
31.65,60.46,1,0,0,1266.53,2026-01-18 08:00:00
27.35,62.15,1,1,0,1222.38,2026-01-18 09:00:00
30.54,72.23,1,1,1,1152.4,2026-01-18 10:00:00
27.2,64.06,1,0,1,1275.26,2026-01-18 11:00:00
33.18,64.31,1,1,1,1294.32,2026-01-18 12:00:00
32.27,68.58,1,1,0,1069.91,2026-01-18 13:00:00
26.25,57.08,0,1,0,29.53,2026-01-18 14:00:00
29.91,53.29,0,1,1,150.32,2026-01-18 15:00:00
28.94,51.64,1,0,0,1370.93,2026-01-18 16:00:00
31.11,44.27,1,1,1,1260.41,2026-01-18 17:00:00
24.11,76.45,0,0,0,22.89,2026-01-18 18:00:00
29.06,51.17,0,1,0,33.99,2026-01-18 19:00:00
30.18,58.23,1,1,0,1299.16,2026-01-18 20:00:00
21.72,57.79,0,1,0,28.32,2026-01-18 21:00:00
23.45,62.46,1,0,0,1251.32,2026-01-18 22:00:00
20.88,66.53,1,1,0,1209.35,2026-01-18 23:00:00
26.19,66.88,1,1,1,1430.05,2026-01-19 00:00:00
29.15,55.34,0,1,0,27.87,2026-01-19 01:00:00
31.51,58.66,1,0,1,1380.48,2026-01-19 02:00:00
27.22,62.26,1,0,1,1285.07,2026-01-19 03:00:00
31.89,58.01,1,1,0,1219.23,2026-01-19 04:00:00
22.86,72.86,1,1,0,1218.42,2026-01-19 05:00:00
21.89,63.93,0,0,1,104.51,2026-01-19 06:00:00
26.83,65.88,1,1,1,1342.76,2026-01-19 07:00:00
28.15,65.3,1,1,1,1340.59,2026-01-19 08:00:00
26.9,69.39,1,1,1,1349.64,2026-01-19 09:00:00
20.8,61.45,0,0,1,97.27,2026-01-19 10:00:00
26.73,49.63,1,0,0,1298.69,2026-01-19 11:00:00
23.09,63.2,1,1,0,1325.63,2026-01-19 12:00:00
29.01,54.79,0,0,1,107.71,2026-01-19 13:00:00
28.1,55.77,0,1,0,30.56,2026-01-19 14:00:00
24.18,64.69,1,1,1,1205.59,2026-01-19 15:00:00
25.46,69.91,0,1,0,33.0,2026-01-19 16:00:00
23.82,60.17,0,1,0,32.29,2026-01-19 17:00:00
26.81,62.47,0,1,1,139.25,2026-01-19 18:00:00
29.87,73.62,1,0,0,1225.17,2026-01-19 19:00:00
24.04,61.93,1,1,0,1184.86,2026-01-19 20:00:00
28.51,80.81,1,1,0,1158.62,2026-01-19 21:00:00
25.41,64.52,0,1,1,119.49,2026-01-19 22:00:00
24.62,45.91,1,0,0,1152.82,2026-01-19 23:00:00
26.68,66.03,1,0,1,1229.5,2026-01-20 00:00:00
23.89,63.05,1,0,0,1225.33,2026-01-20 01:00:00
25.34,70.32,1,1,1,1428.93,2026-01-20 02:00:00
23.41,65.39,0,1,1,113.01,2026-01-20 03:00:00
32.89,58.89,1,1,0,1358.04,2026-01-20 04:00:00
27.11,50.21,0,0,0,27.33,2026-01-20 05:00:00
24.9,58.33,1,0,0,997.72,2026-01-20 06:00:00
27.64,53.2,0,1,1,137.5,2026-01-20 07:00:00
26.66,55.36,0,1,0,26.9,2026-01-20 08:00:00
26.34,64.71,0,0,1,103.46,2026-01-20 09:00:00
28.84,73.36,1,1,0,980.02,2026-01-20 10:00:00
29.27,63.16,0,0,0,18.46,2026-01-20 11:00:00
25.41,50.43,1,1,0,1288.13,2026-01-20 12:00:00
25.27,63.56,1,1,0,1247.64,2026-01-20 13:00:00
26.17,69.57,0,0,0,15.0,2026-01-20 14:00:00
20.09,55.12,1,0,1,1575.49,2026-01-20 15:00:00
22.45,58.93,0,1,1,123.79,2026-01-20 16:00:00
31.1,60.12,1,0,0,1310.45,2026-01-20 17:00:00
31.93,53.72,1,1,1,1320.94,2026-01-20 18:00:00
26.25,65.19,0,1,1,146.94,2026-01-20 19:00:00
28.73,59.03,0,1,1,132.37,2026-01-20 20:00:00
27.93,63.36,0,1,0,35.2,2026-01-20 21:00:00
36.24,52.9,1,1,0,1155.55,2026-01-20 22:00:00
30.36,56.5,1,0,0,1081.73,2026-01-20 23:00:00
26.62,65.78,1,1,1,1320.81,2026-01-21 00:00:00
24.13,57.02,1,1,0,1057.25,2026-01-21 01:00:00
22.18,73.82,0,1,0,34.99,2026-01-21 02:00:00
27.61,56.8,1,0,0,1220.42,2026-01-21 03:00:00
24.73,61.8,1,0,0,1228.92,2026-01-21 04:00:00
22.73,67.46,0,1,1,115.02,2026-01-21 05:00:00
25.06,48.65,0,0,0,27.63,2026-01-21 06:00:00
23.76,45.91,0,1,0,41.93,2026-01-21 07:00:00
32.06,47.79,1,1,1,1202.34,2026-01-21 08:00:00
29.64,70.1,1,1,1,1342.13,2026-01-21 09:00:00
26.98,55.59,0,1,1,128.45,2026-01-21 10:00:00
31.44,80.47,1,1,1,1213.34,2026-01-21 11:00:00
27.23,55.49,0,1,1,134.07,2026-01-21 12:00:00
24.42,61.48,1,0,0,1264.86,2026-01-21 13:00:00
31.57,72.34,0,1,0,27.45,2026-01-21 14:00:00
28.62,76.05,1,1,1,1407.01,2026-01-21 15:00:00
23.89,76.49,1,1,1,1422.78,2026-01-21 16:00:00
26.43,69.67,1,1,1,1470.32,2026-01-21 17:00:00
24.37,68.19,1,1,0,1154.53,2026-01-21 18:00:00
22.85,64.74,0,1,0,28.71,2026-01-21 19:00:00
29.78,66.23,0,1,0,29.75,2026-01-21 20:00:00
32.73,55.59,0,0,0,22.38,2026-01-21 21:00:00
22.8,53.45,0,1,0,36.38,2026-01-21 22:00:00
28.69,59.97,1,1,1,1510.09,2026-01-21 23:00:00
25.05,58.64,0,1,0,30.39,2026-01-22 00:00:00
25.54,56.37,0,1,0,29.96,2026-01-22 01:00:00
25.22,65.57,1,1,0,1150.17,2026-01-22 02:00:00
24.41,67.64,1,0,1,1256.31,2026-01-22 03:00:00
27.15,60.71,1,1,0,1166.29,2026-01-22 04:00:00
24.51,71.82,0,0,0,14.94,2026-01-22 05:00:00
27.81,50.87,0,1,0,23.22,2026-01-22 06:00:00
26.85,58.45,1,1,0,1230.28,2026-01-22 07:00:00
26.28,54.27,0,0,1,115.85,2026-01-22 08:00:00
24.28,45.07,0,0,1,102.51,2026-01-22 09:00:00
25.27,59.34,1,1,0,1292.47,2026-01-22 10:00:00
29.27,59.03,1,0,0,1277.95,2026-01-22 11:00:00
28.5,72.11,1,1,1,1299.43,2026-01-22 12:00:00
24.07,65.05,0,0,0,14.37,2026-01-22 13:00:00
27.3,51.81,0,0,0,21.94,2026-01-22 14:00:00
29.25,74.83,1,1,0,1190.92,2026-01-22 15:00:00
21.99,69.77,0,1,1,130.27,2026-01-22 16:00:00
28.63,64.66,1,1,0,1323.69,2026-01-22 17:00:00
25.01,58.19,1,1,0,1182.42,2026-01-22 18:00:00
28.71,52.32,1,1,1,1204.09,2026-01-22 19:00:00
24.71,57.02,0,1,0,39.21,2026-01-22 20:00:00
21.59,68.71,0,1,0,34.11,2026-01-22 21:00:00
22.12,75.08,1,1,1,1251.21,2026-01-22 22:00:00
27.14,72.35,1,1,0,1367.18,2026-01-22 23:00:00
27.78,56.09,1,1,1,1405.87,2026-01-23 00:00:00
24.29,51.04,0,0,0,22.71,2026-01-23 01:00:00
28.92,61.13,0,1,0,29.84,2026-01-23 02:00:00
22.02,45.85,1,0,0,1241.15,2026-01-23 03:00:00
26.8,62.59,1,1,0,1338.49,2026-01-23 04:00:00
23.37,58.82,1,0,0,1180.15,2026-01-23 05:00:00
25.04,56.27,0,1,1,156.11,2026-01-23 06:00:00
27.14,47.24,1,1,0,1361.41,2026-01-23 07:00:00
24.42,64.11,1,0,0,1392.93,2026-01-23 08:00:00
25.85,55.74,1,0,0,1256.38,2026-01-23 09:00:00
30.02,50.64,1,0,1,1378.94,2026-01-23 10:00:00
25.27,37.02,0,1,0,38.61,2026-01-23 11:00:00
29.51,59.78,1,1,0,1271.64,2026-01-23 12:00:00
23.61,74.18,0,0,0,23.0,2026-01-23 13:00:00
28.59,73.29,1,1,0,1183.96,2026-01-23 14:00:00
31.32,56.34,1,1,0,1256.9,2026-01-23 15:00:00
19.59,55.18,0,1,1,134.92,2026-01-23 16:00:00
24.61,63.75,1,1,0,1211.06,2026-01-23 17:00:00
28.73,52.01,0,1,0,33.11,2026-01-23 18:00:00
26.39,62.41,1,1,0,1018.01,2026-01-23 19:00:00
28.11,66.13,1,0,1,1476.29,2026-01-23 20:00:00
25.19,69.82,0,0,0,26.8,2026-01-23 21:00:00
27.26,59.2,0,0,0,19.05,2026-01-23 22:00:00
26.53,58.37,1,0,0,1278.59,2026-01-23 23:00:00
30.5,52.98,0,1,0,23.36,2026-01-24 00:00:00
27.76,53.38,1,1,0,1363.93,2026-01-24 01:00:00
28.01,58.19,1,1,0,1340.23,2026-01-24 02:00:00
25.76,62.94,1,0,0,1078.57,2026-01-24 03:00:00
25.54,67.31,0,0,0,10.14,2026-01-24 04:00:00
25.7,53.57,1,1,0,1214.42,2026-01-24 05:00:00
28.18,71.94,1,1,0,1233.07,2026-01-24 06:00:00
25.74,57.83,0,0,0,22.22,2026-01-24 07:00:00
27.87,59.83,1,1,1,1482.94,2026-01-24 08:00:00
33.23,54.02,1,1,1,1449.21,2026-01-24 09:00:00
29.61,40.61,1,1,1,1234.85,2026-01-24 10:00:00
26.02,67.07,0,1,1,151.83,2026-01-24 11:00:00
30.6,65.89,1,0,1,1280.8,2026-01-24 12:00:00
25.78,57.75,0,0,1,130.58,2026-01-24 13:00:00
20.89,60.54,0,1,0,25.2,2026-01-24 14:00:00
23.98,64.13,1,1,1,1479.82,2026-01-24 15:00:00
21.39,47.5,1,1,0,1308.21,2026-01-24 16:00:00
25.95,55.77,0,1,0,26.67,2026-01-24 17:00:00
27.06,66.35,0,0,1,111.79,2026-01-24 18:00:00
32.03,49.97,0,1,0,44.21,2026-01-24 19:00:00
27.98,62.35,0,0,0,19.79,2026-01-24 20:00:00
26.34,49.15,0,1,1,171.09,2026-01-24 21:00:00
29.49,63.73,0,1,0,31.57,2026-01-24 22:00:00
20.37,59.71,1,1,0,1284.51,2026-01-24 23:00:00
27.71,47.08,1,1,1,1312.1,2026-01-25 00:00:00
29.31,69.32,1,1,1,1244.9,2026-01-25 01:00:00
22.56,54.12,1,1,0,1215.83,2026-01-25 02:00:00
30.43,53.52,0,1,0,32.93,2026-01-25 03:00:00
28.02,61.6,1,0,0,1151.64,2026-01-25 04:00:00
25.75,69.19,1,0,1,1302.19,2026-01-25 05:00:00
28.9,51.87,1,0,0,1131.2,2026-01-25 06:00:00
33.81,60.49,1,0,0,1330.02,2026-01-25 07:00:00
27.55,63.43,1,1,0,1201.21,2026-01-25 08:00:00
27.74,65.54,1,1,0,1381.76,2026-01-25 09:00:00
25.62,61.41,0,1,1,125.95,2026-01-25 10:00:00
24.45,57.06,1,0,0,1215.12,2026-01-25 11:00:00
29.49,53.38,1,1,1,1257.93,2026-01-25 12:00:00
24.43,60.69,1,1,0,1016.55,2026-01-25 13:00:00
27.21,51.42,1,1,1,1206.33,2026-01-25 14:00:00
25.57,36.63,0,1,1,132.69,2026-01-25 15:00:00
28.44,63.49,0,1,0,30.37,2026-01-25 16:00:00
28.0,67.23,1,0,0,1235.2,2026-01-25 17:00:00
30.11,41.1,1,0,0,1259.39,2026-01-25 18:00:00
25.47,51.92,1,1,1,1073.08,2026-01-25 19:00:00
26.19,64.95,0,1,0,25.36,2026-01-25 20:00:00
24.06,76.46,0,1,1,152.37,2026-01-25 21:00:00
25.67,60.17,1,0,1,1344.16,2026-01-25 22:00:00
28.13,54.18,1,1,1,1317.44,2026-01-25 23:00:00
29.27,58.54,1,1,1,1374.04,2026-01-26 00:00:00
24.23,71.0,1,1,0,1390.24,2026-01-26 01:00:00
29.61,54.83,1,0,0,1199.0,2026-01-26 02:00:00
31.07,53.61,0,0,0,18.24,2026-01-26 03:00:00
28.24,56.14,1,1,1,1353.42,2026-01-26 04:00:00
32.63,52.37,1,1,1,1572.46,2026-01-26 05:00:00
24.68,60.98,1,0,1,1124.93,2026-01-26 06:00:00
23.27,73.0,1,0,0,1288.2,2026-01-26 07:00:00
21.66,62.58,1,1,0,1226.72,2026-01-26 08:00:00
31.49,57.98,0,1,1,153.68,2026-01-26 09:00:00
28.96,57.67,1,1,0,1164.45,2026-01-26 10:00:00
26.83,47.49,0,1,0,43.39,2026-01-26 11:00:00
27.84,67.06,1,1,1,1418.62,2026-01-26 12:00:00
23.62,59.38,0,0,0,15.82,2026-01-26 13:00:00
34.34,58.56,0,1,0,41.2,2026-01-26 14:00:00
27.39,85.54,1,1,0,1155.24,2026-01-26 15:00:00
27.33,62.39,0,1,0,29.61,2026-01-26 16:00:00
29.18,53.99,1,1,1,1256.21,2026-01-26 17:00:00
28.44,56.59,1,0,0,1039.57,2026-01-26 18:00:00
27.67,69.19,0,0,0,23.57,2026-01-26 19:00:00
24.63,60.91,1,1,0,1311.24,2026-01-26 20:00:00
28.41,48.49,1,0,1,1207.08,2026-01-26 21:00:00
32.65,67.35,1,0,0,1325.36,2026-01-26 22:00:00
31.04,54.65,0,1,0,36.32,2026-01-26 23:00:00
31.78,74.99,0,1,0,32.72,2026-01-27 00:00:00
25.47,68.64,0,1,0,35.48,2026-01-27 01:00:00
24.03,56.42,0,1,0,30.44,2026-01-27 02:00:00
26.62,70.25,0,1,1,135.53,2026-01-27 03:00:00
27.17,60.54,1,1,1,1345.8,2026-01-27 04:00:00
30.28,66.82,1,1,0,1210.14,2026-01-27 05:00:00
21.92,63.88,1,1,0,1238.73,2026-01-27 06:00:00
31.59,53.23,1,1,1,1291.9,2026-01-27 07:00:00
26.53,54.85,0,1,0,32.69,2026-01-27 08:00:00
25.72,68.24,0,1,1,115.88,2026-01-27 09:00:00
23.96,57.32,0,1,0,42.31,2026-01-27 10:00:00
22.04,56.77,0,1,1,139.65,2026-01-27 11:00:00
29.47,52.36,1,0,1,1333.01,2026-01-27 12:00:00
27.22,63.39,1,1,1,1232.08,2026-01-27 13:00:00
23.13,76.5,0,0,1,102.59,2026-01-27 14:00:00
23.11,51.46,0,1,0,26.7,2026-01-27 15:00:00
25.99,60.19,1,1,1,1560.44,2026-01-27 16:00:00
32.01,71.3,1,1,0,1108.1,2026-01-27 17:00:00
26.22,59.36,0,1,0,28.43,2026-01-27 18:00:00
22.49,63.62,1,1,1,1268.35,2026-01-27 19:00:00
26.26,51.5,1,1,1,1431.4,2026-01-27 20:00:00
26.18,63.43,0,1,1,136.08,2026-01-27 21:00:00
18.91,58.5,0,1,0,26.66,2026-01-27 22:00:00
26.84,67.89,1,0,1,1444.97,2026-01-27 23:00:00
26.31,69.5,1,0,1,1407.67,2026-01-28 00:00:00
29.09,80.72,1,0,0,1277.77,2026-01-28 01:00:00
32.55,64.64,0,1,0,27.51,2026-01-28 02:00:00
30.38,62.61,0,1,0,42.07,2026-01-28 03:00:00
26.19,61.56,1,1,0,1444.47,2026-01-28 04:00:00
23.68,57.17,1,0,1,1230.33,2026-01-28 05:00:00
34.72,62.71,0,0,1,85.29,2026-01-28 06:00:00
27.18,57.64,1,1,1,1371.48,2026-01-28 07:00:00
27.04,61.35,1,0,1,1380.39,2026-01-28 08:00:00
26.93,70.54,1,1,0,1064.29,2026-01-28 09:00:00
27.59,51.95,1,1,1,1319.07,2026-01-28 10:00:00
26.57,69.12,1,1,0,1154.74,2026-01-28 11:00:00
25.28,70.54,1,0,1,1419.54,2026-01-28 12:00:00
25.36,59.06,1,0,0,1331.05,2026-01-28 13:00:00
26.9,43.03,0,0,1,117.04,2026-01-28 14:00:00
25.37,55.14,1,1,0,1229.33,2026-01-28 15:00:00
24.86,70.38,0,1,0,22.84,2026-01-28 16:00:00
27.32,59.82,1,0,1,1284.46,2026-01-28 17:00:00
26.24,52.01,0,1,0,29.35,2026-01-28 18:00:00
31.51,55.96,0,1,1,134.14,2026-01-28 19:00:00
19.05,66.72,0,0,0,17.88,2026-01-28 20:00:00
30.27,64.37,0,1,1,136.13,2026-01-28 21:00:00
30.74,58.09,1,1,0,1108.33,2026-01-28 22:00:00
20.78,57.07,1,0,0,1110.18,2026-01-28 23:00:00
25.97,56.87,1,1,0,1303.48,2026-01-29 00:00:00
25.89,52.62,0,1,0,32.61,2026-01-29 01:00:00
22.78,72.92,0,1,0,38.2,2026-01-29 02:00:00
24.67,57.42,0,1,0,28.24,2026-01-29 03:00:00
23.67,69.74,0,1,0,32.63,2026-01-29 04:00:00
32.26,72.17,1,1,0,1338.89,2026-01-29 05:00:00
29.81,67.99,0,1,0,23.75,2026-01-29 06:00:00
30.81,56.55,0,1,1,143.51,2026-01-29 07:00:00
29.17,63.23,0,1,0,27.95,2026-01-29 08:00:00
23.61,59.81,0,0,0,20.45,2026-01-29 09:00:00
25.43,52.77,1,1,1,1333.52,2026-01-29 10:00:00
28.47,62.59,1,1,0,1399.58,2026-01-29 11:00:00
23.33,50.57,0,1,1,157.99,2026-01-29 12:00:00
29.14,69.5,0,1,0,29.19,2026-01-29 13:00:00
26.28,56.28,0,0,0,24.74,2026-01-29 14:00:00
25.88,61.61,0,1,0,32.36,2026-01-29 15:00:00
29.13,62.27,0,0,1,96.33,2026-01-29 16:00:00
28.33,57.93,1,1,1,1191.09,2026-01-29 17:00:00
25.92,64.69,1,1,0,1245.14,2026-01-29 18:00:00
30.48,56.2,1,1,0,1241.31,2026-01-29 19:00:00
23.76,66.97,1,1,1,1345.17,2026-01-29 20:00:00
28.85,49.23,1,1,0,1339.61,2026-01-29 21:00:00
28.78,61.01,1,1,0,1264.57,2026-01-29 22:00:00
26.07,75.51,1,1,1,1486.8,2026-01-29 23:00:00
27.98,52.0,1,1,1,1237.4,2026-01-30 00:00:00
23.25,54.58,0,1,0,38.33,2026-01-30 01:00:00
29.77,64.11,1,0,1,1314.11,2026-01-30 02:00:00
26.45,61.44,1,0,1,1207.18,2026-01-30 03:00:00
25.43,62.81,1,1,0,1320.15,2026-01-30 04:00:00
30.15,63.91,1,1,0,1464.98,2026-01-30 05:00:00
24.89,65.08,1,1,0,1219.76,2026-01-30 06:00:00
22.77,68.88,0,0,1,90.37,2026-01-30 07:00:00
22.33,63.28,1,1,1,1343.98,2026-01-30 08:00:00
28.82,58.07,0,1,0,29.31,2026-01-30 09:00:00
23.16,65.38,0,0,1,107.59,2026-01-30 10:00:00
32.26,75.2,0,1,0,36.42,2026-01-30 11:00:00
20.75,58.94,1,1,0,1091.96,2026-01-30 12:00:00
32.09,52.2,0,1,0,27.81,2026-01-30 13:00:00
27.63,68.86,0,1,0,32.35,2026-01-30 14:00:00
26.71,59.04,1,1,1,1286.33,2026-01-30 15:00:00
25.37,42.62,0,0,0,25.77,2026-01-30 16:00:00
28.2,66.78,1,1,1,1224.86,2026-01-30 17:00:00
26.89,55.72,1,1,0,1157.96,2026-01-30 18:00:00
30.31,59.28,0,1,0,31.4,2026-01-30 19:00:00
27.34,62.66,1,1,1,1418.42,2026-01-30 20:00:00
27.45,61.52,0,1,0,29.07,2026-01-30 21:00:00
25.91,65.68,1,1,0,1252.16,2026-01-30 22:00:00
26.83,56.52,1,0,0,1218.44,2026-01-30 23:00:00
27.92,64.1,1,1,1,1373.94,2026-01-31 00:00:00
21.87,57.92,1,1,0,1244.39,2026-01-31 01:00:00
22.96,65.91,0,1,0,36.48,2026-01-31 02:00:00
29.23,64.92,0,1,0,34.37,2026-01-31 03:00:00
27.51,52.52,1,0,0,1118.17,2026-01-31 04:00:00
26.45,68.69,1,1,1,1346.04,2026-01-31 05:00:00
27.06,55.71,1,1,0,1181.2,2026-01-31 06:00:00
28.04,66.46,1,1,0,1473.75,2026-01-31 07:00:00
25.38,62.94,1,1,0,1220.19,2026-01-31 08:00:00
24.67,74.71,1,1,0,1083.49,2026-01-31 09:00:00
27.59,58.21,0,0,1,131.47,2026-01-31 10:00:00
24.06,57.21,1,1,0,1281.08,2026-01-31 11:00:00
28.22,59.84,1,0,1,1508.56,2026-01-31 12:00:00
21.89,57.57,0,1,0,32.02,2026-01-31 13:00:00
30.09,66.4,1,0,0,1060.6,2026-01-31 14:00:00
28.42,47.07,1,0,1,1412.05,2026-01-31 15:00:00
27.77,51.57,1,1,0,1099.41,2026-01-31 16:00:00
29.95,51.46,0,1,1,113.77,2026-01-31 17:00:00
32.0,67.6,0,1,1,125.4,2026-01-31 18:00:00
30.04,73.68,1,1,0,1225.39,2026-01-31 19:00:00
21.48,59.16,1,1,0,1302.31,2026-01-31 20:00:00
23.16,58.65,0,1,1,105.86,2026-01-31 21:00:00
25.13,60.56,0,1,0,38.74,2026-01-31 22:00:00
27.08,69.3,1,0,0,1213.84,2026-01-31 23:00:00
28.55,52.58,0,1,0,29.46,2026-02-01 00:00:00
24.82,61.91,1,1,0,1240.28,2026-02-01 01:00:00
27.56,67.8,1,1,1,1373.72,2026-02-01 02:00:00
24.73,64.01,0,0,0,22.93,2026-02-01 03:00:00
25.17,61.52,1,0,0,1260.67,2026-02-01 04:00:00
22.78,68.01,0,0,1,130.65,2026-02-01 05:00:00
24.23,38.37,0,1,0,22.74,2026-02-01 06:00:00
22.94,65.42,1,1,0,1234.12,2026-02-01 07:00:00
24.07,54.77,1,0,1,1353.62,2026-02-01 08:00:00
30.16,45.35,1,1,0,1306.77,2026-02-01 09:00:00
24.15,64.09,1,1,1,1246.85,2026-02-01 10:00:00
34.9,70.99,0,1,1,155.94,2026-02-01 11:00:00
28.48,58.9,0,1,0,27.88,2026-02-01 12:00:00
27.55,67.62,0,0,0,16.33,2026-02-01 13:00:00
24.42,72.9,0,1,0,24.73,2026-02-01 14:00:00
29.1,70.52,0,1,0,31.04,2026-02-01 15:00:00
25.27,73.12,0,1,1,143.25,2026-02-01 16:00:00
27.37,65.94,1,1,1,1350.92,2026-02-01 17:00:00
34.68,60.6,1,0,0,1210.71,2026-02-01 18:00:00
26.71,47.18,1,1,1,1278.66,2026-02-01 19:00:00
30.45,58.03,1,0,1,1416.48,2026-02-01 20:00:00
24.89,53.25,0,1,1,118.66,2026-02-01 21:00:00
26.9,77.37,0,1,0,38.12,2026-02-01 22:00:00
32.31,58.59,1,0,0,1132.06,2026-02-01 23:00:00
25.12,60.99,1,1,0,1279.74,2026-02-02 00:00:00
32.44,64.41,0,0,1,122.31,2026-02-02 01:00:00
29.12,60.35,1,1,0,1151.15,2026-02-02 02:00:00
25.31,73.56,1,1,0,1229.88,2026-02-02 03:00:00
28.9,55.02,1,1,0,1246.33,2026-02-02 04:00:00
29.92,61.56,0,1,0,24.98,2026-02-02 05:00:00
28.87,54.06,1,1,0,1215.95,2026-02-02 06:00:00
22.29,49.44,1,1,1,1206.0,2026-02-02 07:00:00
24.82,55.11,1,1,0,1258.88,2026-02-02 08:00:00
26.26,59.7,1,1,0,1030.67,2026-02-02 09:00:00
26.78,56.57,1,0,0,1214.76,2026-02-02 10:00:00
28.86,54.46,1,1,0,1230.43,2026-02-02 11:00:00
27.53,48.75,0,0,0,11.16,2026-02-02 12:00:00
22.99,59.34,1,1,0,1343.1,2026-02-02 13:00:00
28.14,47.96,1,0,0,1178.37,2026-02-02 14:00:00
28.83,66.08,1,0,0,1208.55,2026-02-02 15:00:00
28.68,60.66,0,1,0,27.91,2026-02-02 16:00:00
30.24,48.34,0,1,0,32.31,2026-02-02 17:00:00
29.5,57.53,1,1,1,1351.25,2026-02-02 18:00:00
28.38,53.98,1,0,1,1195.26,2026-02-02 19:00:00
26.79,62.55,1,1,0,1191.09,2026-02-02 20:00:00
22.02,70.72,1,1,0,1125.92,2026-02-02 21:00:00
28.29,45.0,1,1,1,1405.91,2026-02-02 22:00:00
27.62,60.92,1,0,0,1405.75,2026-02-02 23:00:00
27.81,58.72,1,1,1,1227.33,2026-02-03 00:00:00
23.17,65.37,1,0,1,1127.87,2026-02-03 01:00:00
23.76,61.71,1,1,0,1226.48,2026-02-03 02:00:00
30.16,53.98,0,1,0,32.49,2026-02-03 03:00:00
26.88,57.45,1,1,1,1344.3,2026-02-03 04:00:00
29.04,53.63,1,1,0,1188.24,2026-02-03 05:00:00
27.08,68.61,0,1,0,28.53,2026-02-03 06:00:00
27.09,60.17,0,1,0,36.61,2026-02-03 07:00:00
29.81,75.21,0,1,0,32.15,2026-02-03 08:00:00
25.45,59.51,0,1,1,134.17,2026-02-03 09:00:00
27.29,54.33,0,1,1,104.64,2026-02-03 10:00:00
25.61,47.89,1,1,1,1390.7,2026-02-03 11:00:00
25.7,45.57,1,1,0,1143.57,2026-02-03 12:00:00
26.07,47.33,1,1,0,1412.41,2026-02-03 13:00:00
27.67,62.14,0,1,0,37.19,2026-02-03 14:00:00
25.56,64.07,0,1,0,27.8,2026-02-03 15:00:00
30.77,47.35,1,0,0,1275.25,2026-02-03 16:00:00
24.32,67.16,0,1,1,149.24,2026-02-03 17:00:00
26.44,56.14,1,1,1,1153.67,2026-02-03 18:00:00
25.68,61.17,1,0,0,1182.13,2026-02-03 19:00:00
31.34,72.9,1,0,1,1432.91,2026-02-03 20:00:00
27.59,67.17,0,1,0,41.43,2026-02-03 21:00:00
30.1,57.85,1,1,0,1157.79,2026-02-03 22:00:00
22.54,52.87,0,1,1,109.49,2026-02-03 23:00:00
27.8,42.79,1,0,0,1167.74,2026-02-04 00:00:00
29.67,54.25,1,1,1,1285.95,2026-02-04 01:00:00
27.25,58.31,0,0,1,129.5,2026-02-04 02:00:00
30.2,52.1,0,1,0,31.73,2026-02-04 03:00:00
25.45,58.95,0,0,1,91.85,2026-02-04 04:00:00
31.23,60.61,1,0,0,1300.49,2026-02-04 05:00:00
33.9,58.2,0,0,0,23.06,2026-02-04 06:00:00
25.91,54.8,1,1,0,1173.86,2026-02-04 07:00:00
25.66,61.35,0,0,0,14.61,2026-02-04 08:00:00
31.36,63.54,1,1,1,1355.95,2026-02-04 09:00:00
31.74,51.28,1,1,0,1247.8,2026-02-04 10:00:00
25.43,71.29,1,1,1,1221.94,2026-02-04 11:00:00
25.74,59.21,1,1,0,1209.58,2026-02-04 12:00:00
26.15,60.15,0,1,0,24.5,2026-02-04 13:00:00
22.97,65.67,0,0,1,117.68,2026-02-04 14:00:00
24.24,61.87,1,1,0,1280.35,2026-02-04 15:00:00
23.99,67.63,0,0,0,27.43,2026-02-04 16:00:00
24.7,62.3,1,0,0,1159.06,2026-02-04 17:00:00
26.9,55.1,0,1,0,30.37,2026-02-04 18:00:00
27.7,62.89,0,1,0,28.08,2026-02-04 19:00:00
31.65,50.85,0,1,1,142.74,2026-02-04 20:00:00
24.0,60.87,1,1,0,1238.12,2026-02-04 21:00:00
29.95,59.73,0,1,0,34.55,2026-02-04 22:00:00
26.36,58.34,1,0,1,1276.13,2026-02-04 23:00:00
26.85,58.97,0,0,0,24.61,2026-02-05 00:00:00
29.02,44.95,1,0,1,1193.46,2026-02-05 01:00:00
23.63,55.61,0,0,0,17.84,2026-02-05 02:00:00
28.15,60.74,1,1,0,1285.3,2026-02-05 03:00:00
27.5,61.28,1,1,1,1394.86,2026-02-05 04:00:00
28.48,51.78,0,0,0,23.68,2026-02-05 05:00:00
27.87,70.13,1,1,1,1497.79,2026-02-05 06:00:00
34.37,53.07,1,1,0,1272.65,2026-02-05 07:00:00
25.09,67.76,1,0,0,1104.17,2026-02-05 08:00:00
25.41,63.42,1,0,0,1191.41,2026-02-05 09:00:00
25.13,54.83,0,0,0,25.28,2026-02-05 10:00:00
25.33,74.2,1,0,1,1550.06,2026-02-05 11:00:00
25.09,50.45,0,0,0,24.57,2026-02-05 12:00:00
30.57,67.35,0,1,1,131.33,2026-02-05 13:00:00
31.26,68.0,1,0,1,1332.07,2026-02-05 14:00:00
25.29,54.64,0,1,0,27.9,2026-02-05 15:00:00
24.5,71.14,1,1,0,1222.43,2026-02-05 16:00:00
28.41,58.0,1,1,1,1239.17,2026-02-05 17:00:00
25.34,62.31,1,1,1,1396.08,2026-02-05 18:00:00
28.9,62.08,1,0,0,1292.14,2026-02-05 19:00:00
27.61,58.93,0,1,0,27.26,2026-02-05 20:00:00
22.45,66.49,0,1,0,26.25,2026-02-05 21:00:00
31.64,66.35,1,0,1,1258.35,2026-02-05 22:00:00
32.39,46.01,0,0,0,18.0,2026-02-05 23:00:00
25.16,70.43,0,1,1,116.74,2026-02-06 00:00:00
25.84,46.7,0,1,0,37.4,2026-02-06 01:00:00
27.86,68.26,1,1,0,1132.24,2026-02-06 02:00:00
28.0,69.01,1,1,0,1172.15,2026-02-06 03:00:00
28.98,51.27,0,1,0,27.87,2026-02-06 04:00:00
33.03,56.71,1,0,0,1066.58,2026-02-06 05:00:00
26.47,51.15,0,1,0,31.8,2026-02-06 06:00:00
24.61,58.28,0,0,0,27.14,2026-02-06 07:00:00
22.86,57.54,1,0,0,1184.36,2026-02-06 08:00:00
24.81,66.24,1,1,0,1156.59,2026-02-06 09:00:00
26.9,70.48,1,1,1,1156.91,2026-02-06 10:00:00
32.38,71.17,0,1,0,32.68,2026-02-06 11:00:00
25.45,55.5,1,1,0,1357.49,2026-02-06 12:00:00
27.67,58.33,1,1,0,1164.24,2026-02-06 13:00:00
26.95,46.53,1,0,1,1352.09,2026-02-06 14:00:00
30.57,53.55,1,0,0,1261.31,2026-02-06 15:00:00
34.58,67.72,1,0,1,1425.82,2026-02-06 16:00:00
25.41,72.92,1,1,1,1239.59,2026-02-06 17:00:00
25.53,50.13,1,1,1,1458.65,2026-02-06 18:00:00
30.13,55.26,1,1,0,1173.81,2026-02-06 19:00:00
29.05,59.79,1,1,1,1199.34,2026-02-06 20:00:00
32.54,62.24,1,1,0,1309.37,2026-02-06 21:00:00
28.75,53.52,1,0,0,1341.69,2026-02-06 22:00:00
25.92,63.39,0,0,1,128.83,2026-02-06 23:00:00
28.77,56.21,0,1,0,29.16,2026-02-07 00:00:00
30.33,59.88,1,1,1,1394.4,2026-02-07 01:00:00
29.46,64.37,1,1,0,1184.59,2026-02-07 02:00:00
28.52,60.05,1,0,1,1389.67,2026-02-07 03:00:00
30.2,56.51,0,1,0,46.12,2026-02-07 04:00:00
30.51,59.12,1,1,0,1109.26,2026-02-07 05:00:00
31.15,59.29,0,0,0,15.68,2026-02-07 06:00:00
28.95,57.04,1,1,1,1357.24,2026-02-07 07:00:00
26.5,57.93,1,1,0,1166.54,2026-02-07 08:00:00
27.44,72.79,1,1,0,1305.15,2026-02-07 09:00:00
30.62,64.49,1,0,0,1326.72,2026-02-07 10:00:00
24.55,57.64,1,1,1,1378.69,2026-02-07 11:00:00
28.11,65.58,1,1,0,1387.67,2026-02-07 12:00:00
25.82,57.33,0,1,0,35.49,2026-02-07 13:00:00
27.09,69.38,1,1,0,1108.99,2026-02-07 14:00:00
30.84,62.96,1,1,0,1364.62,2026-02-07 15:00:00
27.57,59.14,1,1,0,1171.21,2026-02-07 16:00:00
27.14,63.58,0,1,0,21.84,2026-02-07 17:00:00
22.92,47.43,1,1,1,1444.13,2026-02-07 18:00:00
29.24,50.99,0,0,0,31.05,2026-02-07 19:00:00
28.94,50.45,1,1,0,1087.42,2026-02-07 20:00:00
33.49,61.14,1,0,0,1139.13,2026-02-07 21:00:00
26.08,73.86,1,1,1,1468.14,2026-02-07 22:00:00
27.66,77.85,1,1,1,1315.3,2026-02-07 23:00:00
27.75,65.1,0,1,1,127.64,2026-02-08 00:00:00
31.73,64.01,0,1,0,31.62,2026-02-08 01:00:00
26.71,45.59,1,1,0,1300.0,2026-02-08 02:00:00
27.84,55.66,1,0,0,1253.04,2026-02-08 03:00:00
28.82,53.7,0,1,0,38.83,2026-02-08 04:00:00
27.56,55.03,1,1,0,1195.45,2026-02-08 05:00:00
25.66,58.65,1,0,1,1395.33,2026-02-08 06:00:00
27.58,56.22,1,0,1,1381.14,2026-02-08 07:00:00
30.22,44.17,1,1,1,1313.38,2026-02-08 08:00:00
23.92,65.98,0,1,0,37.95,2026-02-08 09:00:00
27.4,51.42,0,1,1,138.58,2026-02-08 10:00:00
24.9,61.91,1,1,0,1158.11,2026-02-08 11:00:00
30.59,76.59,1,0,0,1140.9,2026-02-08 12:00:00
22.43,52.64,1,1,1,1218.27,2026-02-08 13:00:00
25.32,39.76,1,1,0,1199.88,2026-02-08 14:00:00
28.13,57.71,1,1,0,1371.29,2026-02-08 15:00:00
31.7,68.81,1,1,0,1150.22,2026-02-08 16:00:00
26.8,75.67,1,1,1,1318.61,2026-02-08 17:00:00
25.33,50.16,1,1,1,1256.08,2026-02-08 18:00:00
32.64,63.97,1,1,0,1211.25,2026-02-08 19:00:00
22.66,56.28,0,0,1,105.14,2026-02-08 20:00:00
20.4,59.15,1,1,0,1213.09,2026-02-08 21:00:00
28.32,81.15,0,1,0,29.79,2026-02-08 22:00:00
25.49,47.98,1,1,1,1356.21,2026-02-08 23:00:00
23.94,62.03,1,0,1,1341.81,2026-02-09 00:00:00
29.13,63.74,1,1,1,1203.76,2026-02-09 01:00:00
27.73,68.69,0,0,0,29.04,2026-02-09 02:00:00
25.31,60.78,0,1,1,146.49,2026-02-09 03:00:00
23.16,62.46,0,1,1,138.47,2026-02-09 04:00:00
29.62,56.87,1,1,1,1347.18,2026-02-09 05:00:00
28.95,62.15,0,0,0,19.2,2026-02-09 06:00:00
26.7,57.25,1,1,1,1359.92,2026-02-09 07:00:00
32.54,64.97,1,1,0,1282.63,2026-02-09 08:00:00
23.79,57.04,1,1,0,1056.91,2026-02-09 09:00:00
22.42,63.02,1,1,0,1179.68,2026-02-09 10:00:00
24.92,59.77,0,1,0,35.0,2026-02-09 11:00:00
26.86,69.01,1,1,0,1257.48,2026-02-09 12:00:00
27.73,59.59,1,0,1,1463.83,2026-02-09 13:00:00
26.28,45.82,0,0,0,25.16,2026-02-09 14:00:00
28.06,70.1,1,1,1,1288.83,2026-02-09 15:00:00
23.25,52.75,0,1,0,28.53,2026-02-09 16:00:00
31.33,54.77,1,1,0,1144.19,2026-02-09 17:00:00
26.75,55.23,1,0,0,1186.03,2026-02-09 18:00:00
30.35,71.0,0,0,0,19.14,2026-02-09 19:00:00
28.03,42.91,1,1,0,1125.2,2026-02-09 20:00:00
28.37,85.1,1,0,0,1262.7,2026-02-09 21:00:00
28.71,68.45,1,1,0,1074.44,2026-02-09 22:00:00
28.34,61.79,1,0,0,1157.22,2026-02-09 23:00:00
28.93,59.56,1,1,0,1189.16,2026-02-10 00:00:00
30.99,62.28,0,1,0,33.81,2026-02-10 01:00:00
27.59,64.17,0,0,0,18.12,2026-02-10 02:00:00
29.13,65.16,0,1,1,116.81,2026-02-10 03:00:00
26.73,64.44,1,0,1,1109.52,2026-02-10 04:00:00
31.32,60.72,1,1,1,1361.67,2026-02-10 05:00:00
24.97,58.42,1,1,0,1291.4,2026-02-10 06:00:00
32.4,58.79,1,1,1,1366.58,2026-02-10 07:00:00
26.88,58.44,0,1,1,123.89,2026-02-10 08:00:00
22.71,69.07,0,1,1,155.0,2026-02-10 09:00:00
27.38,64.75,0,0,0,30.97,2026-02-10 10:00:00
24.96,36.48,0,0,1,137.74,2026-02-10 11:00:00
29.52,65.25,0,1,1,140.6,2026-02-10 12:00:00
25.04,61.56,1,1,0,1133.96,2026-02-10 13:00:00
25.66,59.85,0,1,1,107.34,2026-02-10 14:00:00
21.33,56.89,0,1,0,26.04,2026-02-10 15:00:00
25.64,68.99,0,1,0,37.07,2026-02-10 16:00:00
19.73,67.58,0,1,0,35.53,2026-02-10 17:00:00
22.25,53.82,1,1,1,1346.44,2026-02-10 18:00:00
29.28,63.26,1,1,0,1138.43,2026-02-10 19:00:00
29.36,52.23,1,1,0,1220.14,2026-02-10 20:00:00
28.28,48.96,1,0,0,1072.01,2026-02-10 21:00:00
24.1,54.99,0,0,0,22.84,2026-02-10 22:00:00
26.86,66.9,1,0,0,1191.55,2026-02-10 23:00:00
26.99,67.63,0,0,1,108.84,2026-02-11 00:00:00
23.52,64.1,0,1,1,124.74,2026-02-11 01:00:00
31.51,65.8,0,1,0,29.55,2026-02-11 02:00:00
29.63,64.13,0,1,0,27.05,2026-02-11 03:00:00
26.34,54.87,0,1,0,35.49,2026-02-11 04:00:00
27.08,63.46,0,1,1,93.71,2026-02-11 05:00:00
27.63,66.4,1,0,0,1262.24,2026-02-11 06:00:00
20.87,66.03,0,0,0,18.97,2026-02-11 07:00:00
26.26,69.51,0,0,0,13.18,2026-02-11 08:00:00
24.95,65.67,1,1,1,1111.68,2026-02-11 09:00:00
24.0,62.81,0,0,1,132.63,2026-02-11 10:00:00
26.16,68.56,0,0,1,127.11,2026-02-11 11:00:00
32.39,59.79,1,1,1,1291.96,2026-02-11 12:00:00
28.92,52.95,0,1,0,30.65,2026-02-11 13:00:00
25.29,58.7,0,0,0,20.46,2026-02-11 14:00:00
28.72,54.04,1,1,0,1406.41,2026-02-11 15:00:00
